branch_id,plant_id,orientation,farmer,plot_type,fert_trt,shd_trt,jun_frt,dec_dieback,binom_dieback
1057,1,N,Fernando,hshd,h,shd,96,n ,0
1058,1,S,Fernando,hshd,h,shd,129,n,0
1059,1,E,Fernando,hshd,h,shd,85,n,0
1060,1,W,Fernando,hshd,h,shd,109,n,0
1061,2,N,Fernando,hshd,h,shd,30,n,0
1062,2,S,Fernando,hshd,h,shd,7,n,0
1063,2,E,Fernando,hshd,h,shd,54,n,0
1064,2,W,Fernando,hshd,h,shd,12,n,0
1065,3,N,Fernando,hshd,h,shd,15,n,0
1066,3,S,Fernando,hshd,h,shd,56,n,0
1067,3,E,Fernando,hshd,h,shd,37,n,0
1068,3,W,Fernando,hshd,h,shd,40,n,0
1069,4,N,Fernando,hshd,h,shd,113,n,0
1070,4,S,Fernando,hshd,h,shd,28,n,0
1071,4,E,Fernando,hshd,h,shd,16,n,0
1072,4,W,Fernando,hshd,h,shd,14,n,0
1073,5,N,Fernando,hshd,h,shd,128,n,0
1074,5,S,Fernando,hshd,h,shd,57,n,0
1075,5,E,Fernando,hshd,h,shd,69,n,0
1076,5,W,Fernando,hshd,h,shd,81,n,0
1077,6,N,Fernando,hshd,h,shd,21,n,0
1078,6,S,Fernando,hshd,h,shd,67,n,0
1079,6,E,Fernando,hshd,h,shd,23,n,0
1080,6,W,Fernando,hshd,h,shd,41,n,0
1081,7,N,Fernando,hshd,h,shd,68,n,0
1082,7,S,Fernando,hshd,h,shd,124,n,0
1083,7,E,Fernando,hshd,h,shd,79,n,0
1084,7,W,Fernando,hshd,h,shd,31,n,0
1085,8,N,Fernando,hshd,h,shd,108,n,0
1086,8,S,Fernando,hshd,h,shd,142,y,1
1087,8,E,Fernando,hshd,h,shd,3,n,0
1088,8,W,Fernando,hshd,h,shd,40,n,0
1089,9,N,Fernando,hshd,h,shd,81,n,0
1090,9,S,Fernando,hshd,h,shd,22,y,1
1091,9,E,Fernando,hshd,h,shd,25,n,0
1092,9,W,Fernando,hshd,h,shd,92,n,0
1093,10,N,Fernando,hshd,h,shd,75,y,1
1094,10,S,Fernando,hshd,h,shd,157,n,0
1095,10,E,Fernando,hshd,h,shd,123,y,1
1096,10,W,Fernando,hshd,h,shd,93,n,0
1097,11,N,Fernando,hshd,h,shd,58,n,0
1098,11,S,Fernando,hshd,h,shd,82,n,0
1099,11,E,Fernando,hshd,h,shd,96,n,0
1100,11,W,Fernando,hshd,h,shd,21,y,1
1101,12,N,Fernando,hshd,h,shd,78,y,1
1102,12,S,Fernando,hshd,h,shd,44,n,0
1103,12,E,Fernando,hshd,h,shd,87,n,0
1104,12,W,Fernando,hshd,h,shd,21,n,0
1105,13,N,Fernando,hshd,h,shd,113,n,0
1106,13,S,Fernando,hshd,h,shd,97,n,0
1107,13,E,Fernando,hshd,h,shd,52,n,0
1108,13,W,Fernando,hshd,h,shd,32,n,0
1109,14,N,Fernando,hshd,h,shd,103,n,0
1110,14,S,Fernando,hshd,h,shd,81,n,0
1111,14,E,Fernando,hshd,h,shd,146,n,0
1112,14,W,Fernando,hshd,h,shd,141,n,0
1113,15,N,Fernando,hshd,h,shd,33,n,0
1114,15,S,Fernando,hshd,h,shd,89,y,1
1115,15,E,Fernando,hshd,h,shd,46,n,0
1116,15,W,Fernando,hshd,h,shd,68,n,0
1117,16,N,Fernando,hshd,h,shd,32,y,1
1118,16,S,Fernando,hshd,h,shd,20,n,0
1119,16,E,Fernando,hshd,h,shd,30,n,0
1120,16,W,Fernando,hshd,h,shd,14,n,0
1121,17,N,Fernando,hshd,h,shd,68,n,0
1122,17,S,Fernando,hshd,h,shd,148,n,0
1123,17,E,Fernando,hshd,h,shd,154,n,0
1124,17,W,Fernando,hshd,h,shd,41,n,0
1125,18,N,Fernando,hshd,h,shd,126,y,1
1126,18,S,Fernando,hshd,h,shd,123,n,0
1127,18,E,Fernando,hshd,h,shd,106,n,0
1128,18,W,Fernando,hshd,h,shd,73,n,0
1129,19,N,Fernando,hshd,h,shd,157,n,0
1130,19,S,Fernando,hshd,h,shd,60,n,0
1131,19,E,Fernando,hshd,h,shd,150,n,0
1132,19,W,Fernando,hshd,h,shd,140,n,0
1133,20,N,Fernando,hshd,h,shd,150,y,1
1134,20,S,Fernando,hshd,h,shd,162,n,0
1135,20,E,Fernando,hshd,h,shd,132,n,0
1136,20,W,Fernando,hshd,h,shd,166,n,0
1137,21,N,Fernando,hshd,h,shd,76,n,0
1138,21,S,Fernando,hshd,h,shd,53,n,0
1139,21,E,Fernando,hshd,h,shd,121,n,0
1140,21,W,Fernando,hshd,h,shd,45,n,0
1141,22,N,Fernando,hshd,h,shd,33,n,0
1142,22,S,Fernando,hshd,h,shd,188,y,1
1143,22,E,Fernando,hshd,h,shd,151,n,0
1144,22,W,Fernando,hshd,h,shd,112,n,0
1145,23,N,Fernando,lshd,l,shd,86,n,0
1146,23,S,Fernando,lshd,l,shd,112,n,0
1147,23,E,Fernando,lshd,l,shd,101,n,0
1148,23,W,Fernando,lshd,l,shd,92,n,0
1149,24,N,Fernando,lshd,l,shd,,na,NA
1150,24,S,Fernando,lshd,l,shd,,na,NA
1151,24,E,Fernando,lshd,l,shd,,na,NA
1152,24,W,Fernando,lshd,l,shd,,na,NA
1153,25,N,Fernando,lshd,l,shd,42,n,0
1154,25,S,Fernando,lshd,l,shd,72,n,0
1155,25,E,Fernando,lshd,l,shd,77,n,0
1156,25,W,Fernando,lshd,l,shd,126,n,0
1157,26,N,Fernando,lshd,l,shd,,na,NA
1158,26,S,Fernando,lshd,l,shd,,na,NA
1159,26,E,Fernando,lshd,l,shd,,na,NA
1160,26,W,Fernando,lshd,l,shd,,na,NA
1161,27,N,Fernando,lshd,l,shd,131,n,0
1162,27,S,Fernando,lshd,l,shd,131,n,0
1163,27,E,Fernando,lshd,l,shd,106,n,0
1164,27,W,Fernando,lshd,l,shd,50,n,0
1165,28,N,Fernando,lshd,l,shd,71,n,0
1166,28,S,Fernando,lshd,l,shd,82,n,0
1167,28,E,Fernando,lshd,l,shd,104,n,0
1168,28,W,Fernando,lshd,l,shd,70,y,1
1169,29,N,Fernando,lshd,l,shd,181,n,0
1170,29,S,Fernando,lshd,l,shd,190,n,0
1171,29,E,Fernando,lshd,l,shd,185,n,0
1172,29,W,Fernando,lshd,l,shd,170,n,0
1173,30,N,Fernando,lshd,l,shd,30,n,0
1174,30,S,Fernando,lshd,l,shd,53,n,0
1175,30,E,Fernando,lshd,l,shd,53,n,0
1176,30,W,Fernando,lshd,l,shd,48,n,0
1177,31,N,Fernando,lshd,l,shd,,na,NA
1178,31,S,Fernando,lshd,l,shd,,na,NA
1179,31,E,Fernando,lshd,l,shd,,na,NA
1180,31,W,Fernando,lshd,l,shd,,na,NA
1181,32,N,Fernando,lshd,l,shd,30,y,1
1182,32,S,Fernando,lshd,l,shd,68,n,0
1183,32,E,Fernando,lshd,l,shd,74,y,1
1184,32,W,Fernando,lshd,l,shd,76,n,0
1185,33,N,Fernando,lshd,l,shd,159,n,0
1186,33,S,Fernando,lshd,l,shd,142,n,0
1187,33,E,Fernando,lshd,l,shd,199,n,0
1188,33,W,Fernando,lshd,l,shd,148,n,0
1189,34,N,Fernando,lshd,l,shd,84,n,0
1190,34,S,Fernando,lshd,l,shd,44,n,0
1191,34,E,Fernando,lshd,l,shd,65,n,0
1192,34,W,Fernando,lshd,l,shd,70,n,0
1193,35,N,Fernando,lshd,l,shd,172,n,0
1194,35,S,Fernando,lshd,l,shd,112,n,0
1195,35,E,Fernando,lshd,l,shd,146,n,0
1196,35,W,Fernando,lshd,l,shd,124,n,0
1197,36,N,Fernando,lshd,l,shd,112,n,0
1198,36,S,Fernando,lshd,l,shd,143,y,1
1199,36,E,Fernando,lshd,l,shd,135,n,0
1200,36,W,Fernando,lshd,l,shd,135,n,0
1201,37,N,Fernando,lshd,l,shd,116,n,0
1202,37,S,Fernando,lshd,l,shd,81,n,0
1203,37,E,Fernando,lshd,l,shd,65,n,0
1204,37,W,Fernando,lshd,l,shd,64,n,0
1205,38,N,Fernando,lshd,l,shd,168,n,0
1206,38,S,Fernando,lshd,l,shd,142,n,0
1207,38,E,Fernando,lshd,l,shd,117,n,0
1208,38,W,Fernando,lshd,l,shd,139,n,0
1209,39,N,Fernando,lshd,l,shd,,na,NA
1210,39,S,Fernando,lshd,l,shd,,na,NA
1211,39,E,Fernando,lshd,l,shd,,na,NA
1212,39,W,Fernando,lshd,l,shd,,na,NA
1213,40,N,Fernando,lshd,l,shd,,na,NA
1214,40,S,Fernando,lshd,l,shd,,na,NA
1215,40,E,Fernando,lshd,l,shd,,na,NA
1216,40,W,Fernando,lshd,l,shd,,na,NA
1217,41,N,Fernando,lshd,l,shd,121,y,1
1218,41,S,Fernando,lshd,l,shd,93,n,0
1219,41,E,Fernando,lshd,l,shd,89,n,0
1220,41,W,Fernando,lshd,l,shd,89,n,0
1221,42,N,Fernando,lshd,l,shd,34,n,0
1222,42,S,Fernando,lshd,l,shd,41,y,1
1223,42,E,Fernando,lshd,l,shd,48,n,0
1224,42,W,Fernando,lshd,l,shd,69,n,0
1225,43,N,Fernando,lshd,l,shd,103,n,0
1226,43,S,Fernando,lshd,l,shd,86,n,0
1227,43,E,Fernando,lshd,l,shd,154,n,0
1228,43,W,Fernando,lshd,l,shd,234,n,0
1229,44,N,Fernando,lshd,l,shd,46,y,1
1230,44,S,Fernando,lshd,l,shd,86,n,0
1231,44,E,Fernando,lshd,l,shd,81,y,1
1232,44,W,Fernando,lshd,l,shd,47,n,0
1233,45,N,Fernando,lsun,l,sun,92,n,0
1234,45,S,Fernando,lsun,l,sun,154,n,0
1235,45,E,Fernando,lsun,l,sun,96,n,0
1236,45,W,Fernando,lsun,l,sun,86,n,0
1237,46,N,Fernando,lsun,l,sun,83,n,0
1238,46,S,Fernando,lsun,l,sun,116,n,0
1239,46,E,Fernando,lsun,l,sun,116,n,0
1240,46,W,Fernando,lsun,l,sun,80,n,0
1241,47,N,Fernando,lsun,l,sun,,na,NA
1242,47,S,Fernando,lsun,l,sun,,na,NA
1243,47,E,Fernando,lsun,l,sun,,na,NA
1244,47,W,Fernando,lsun,l,sun,,na,NA
1245,48,N,Fernando,lsun,l,sun,,na,NA
1246,48,S,Fernando,lsun,l,sun,,na,NA
1247,48,E,Fernando,lsun,l,sun,,na,NA
1248,48,W,Fernando,lsun,l,sun,,na,NA
1249,49,N,Fernando,lsun,l,sun,110,y,1
1250,49,S,Fernando,lsun,l,sun,130,y,1
1251,49,E,Fernando,lsun,l,sun,95,n,0
1252,49,W,Fernando,lsun,l,sun,105,y,1
1253,50,N,Fernando,lsun,l,sun,34,na,NA
1254,50,S,Fernando,lsun,l,sun,7,n,0
1255,50,E,Fernando,lsun,l,sun,45,n,0
1256,50,W,Fernando,lsun,l,sun,6,n,0
1257,51,N,Fernando,lsun,l,sun,29,n,0
1258,51,S,Fernando,lsun,l,sun,28,n,0
1259,51,E,Fernando,lsun,l,sun,56,n,0
1260,51,W,Fernando,lsun,l,sun,41,n,0
1261,52,N,Fernando,lsun,l,sun,46,n,0
1262,52,S,Fernando,lsun,l,sun,59,n,0
1263,52,E,Fernando,lsun,l,sun,48,n,0
1264,52,W,Fernando,lsun,l,sun,44,n,0
1265,53,N,Fernando,lsun,l,sun,,n,0
1266,53,S,Fernando,lsun,l,sun,36,n,0
1267,53,E,Fernando,lsun,l,sun,49,n,0
1268,53,W,Fernando,lsun,l,sun,15,n,0
1269,54,N,Fernando,lsun,l,sun,32,n,0
1270,54,S,Fernando,lsun,l,sun,57,n,0
1271,54,E,Fernando,lsun,l,sun,50,n,0
1272,54,W,Fernando,lsun,l,sun,53,n,0
1273,55,N,Fernando,lsun,l,sun,147,n,0
1274,55,S,Fernando,lsun,l,sun,39,n,0
1275,55,E,Fernando,lsun,l,sun,155,n,0
1276,55,W,Fernando,lsun,l,sun,13,n,0
1277,56,N,Fernando,lsun,l,sun,106,y,1
1278,56,S,Fernando,lsun,l,sun,57,n,0
1279,56,E,Fernando,lsun,l,sun,143,n,0
1280,56,W,Fernando,lsun,l,sun,39,n,0
1281,57,N,Fernando,lsun,l,sun,76,n,0
1282,57,S,Fernando,lsun,l,sun,94,n,0
1283,57,E,Fernando,lsun,l,sun,106,n,0
1284,57,W,Fernando,lsun,l,sun,147,n,0
1285,58,N,Fernando,lsun,l,sun,69,n,0
1286,58,S,Fernando,lsun,l,sun,67,n,0
1287,58,E,Fernando,lsun,l,sun,72,n,0
1288,58,W,Fernando,lsun,l,sun,132,n,0
1289,59,N,Fernando,lsun,l,sun,52,y,1
1290,59,S,Fernando,lsun,l,sun,78,n,0
1291,59,E,Fernando,lsun,l,sun,78,n,0
1292,59,W,Fernando,lsun,l,sun,86,n,0
1293,60,N,Fernando,lsun,l,sun,78,n,0
1294,60,S,Fernando,lsun,l,sun,70,n,0
1295,60,E,Fernando,lsun,l,sun,66,n,0
1296,60,W,Fernando,lsun,l,sun,83,n,0
1297,61,N,Fernando,lsun,l,sun,201,n,0
1298,61,S,Fernando,lsun,l,sun,153,n,0
1299,61,E,Fernando,lsun,l,sun,94,y,1
1300,61,W,Fernando,lsun,l,sun,200,n,0
1301,62,N,Fernando,lsun,l,sun,54,n,0
1302,62,S,Fernando,lsun,l,sun,62,n,0
1303,62,E,Fernando,lsun,l,sun,73,n,0
1304,62,W,Fernando,lsun,l,sun,19,y,1
1305,63,N,Fernando,lsun,l,sun,89,n,0
1306,63,S,Fernando,lsun,l,sun,69,y,1
1307,63,E,Fernando,lsun,l,sun,68,y,1
1308,63,W,Fernando,lsun,l,sun,22,n,0
1309,64,N,Fernando,lsun,l,sun,137,na,NA
1310,64,S,Fernando,lsun,l,sun,101,n,0
1311,64,E,Fernando,lsun,l,sun,216,n,0
1312,64,W,Fernando,lsun,l,sun,160,n,0
1313,65,N,Fernando,lsun,l,sun,115,n,0
1314,65,S,Fernando,lsun,l,sun,127,n,0
1315,65,E,Fernando,lsun,l,sun,60,n,0
1316,65,W,Fernando,lsun,l,sun,78,n,0
1317,66,N,Fernando,lsun,l,sun,118,n,0
1318,66,S,Fernando,lsun,l,sun,66,y,1
1319,66,E,Fernando,lsun,l,sun,105,n,0
1320,66,W,Fernando,lsun,l,sun,60,n,0
1321,67,N,Fernando,hsun,h,sun,3,n,0
1322,67,S,Fernando,hsun,h,sun,15,n,0
1323,67,E,Fernando,hsun,h,sun,20,n,0
1324,67,W,Fernando,hsun,h,sun,31,n,0
1325,68,N,Fernando,hsun,h,sun,110,n,0
1326,68,S,Fernando,hsun,h,sun,114,y,1
1327,68,E,Fernando,hsun,h,sun,76,n,0
1328,68,W,Fernando,hsun,h,sun,107,n,0
1329,69,N,Fernando,hsun,h,sun,25,n,0
1330,69,S,Fernando,hsun,h,sun,78,n,0
1331,69,E,Fernando,hsun,h,sun,55,n,0
1332,69,W,Fernando,hsun,h,sun,36,n,0
1333,70,N,Fernando,hsun,h,sun,44,y,1
1334,70,S,Fernando,hsun,h,sun,59,n,0
1335,70,E,Fernando,hsun,h,sun,134,n,0
1336,70,W,Fernando,hsun,h,sun,87,n,0
1337,71,N,Fernando,hsun,h,sun,109,y,1
1338,71,S,Fernando,hsun,h,sun,68,n,0
1339,71,E,Fernando,hsun,h,sun,197,y,1
1340,71,W,Fernando,hsun,h,sun,173,n,0
1341,72,N,Fernando,hsun,h,sun,83,n,0
1342,72,S,Fernando,hsun,h,sun,76,n,0
1343,72,E,Fernando,hsun,h,sun,80,n,0
1344,72,W,Fernando,hsun,h,sun,90,n,0
1345,73,N,Fernando,hsun,h,sun,43,n,0
1346,73,S,Fernando,hsun,h,sun,81,n,0
1347,73,E,Fernando,hsun,h,sun,78,n,0
1348,73,W,Fernando,hsun,h,sun,62,n,0
1349,74,N,Fernando,hsun,h,sun,152,n,0
1350,74,S,Fernando,hsun,h,sun,203,n,0
1351,74,E,Fernando,hsun,h,sun,126,n,0
1352,74,W,Fernando,hsun,h,sun,72,n,0
1353,75,N,Fernando,hsun,h,sun,100,n,0
1354,75,S,Fernando,hsun,h,sun,136,n,0
1355,75,E,Fernando,hsun,h,sun,116,y,1
1356,75,W,Fernando,hsun,h,sun,145,n,0
1357,76,N,Fernando,hsun,h,sun,79,n,0
1358,76,S,Fernando,hsun,h,sun,66,n,0
1359,76,E,Fernando,hsun,h,sun,95,n,0
1360,76,W,Fernando,hsun,h,sun,112,n,0
1361,77,N,Fernando,hsun,h,sun,22,n,0
1362,77,S,Fernando,hsun,h,sun,20,n,0
1363,77,E,Fernando,hsun,h,sun,41,n,0
1364,77,W,Fernando,hsun,h,sun,37,n,0
1365,78,N,Fernando,hsun,h,sun,7,n,0
1366,78,S,Fernando,hsun,h,sun,7,n,0
1367,78,E,Fernando,hsun,h,sun,13,n,0
1368,78,W,Fernando,hsun,h,sun,84,n,0
1369,79,N,Fernando,hsun,h,sun,122,n,0
1370,79,S,Fernando,hsun,h,sun,91,n,0
1371,79,E,Fernando,hsun,h,sun,60,n,0
1372,79,W,Fernando,hsun,h,sun,57,n,0
1373,80,N,Fernando,hsun,h,sun,112,n,0
1374,80,S,Fernando,hsun,h,sun,139,n,0
1375,80,E,Fernando,hsun,h,sun,112,y,1
1376,80,W,Fernando,hsun,h,sun,73,n,0
1377,81,N,Fernando,hsun,h,sun,81,y,1
1378,81,S,Fernando,hsun,h,sun,116,n,0
1379,81,E,Fernando,hsun,h,sun,117,n,0
1380,81,W,Fernando,hsun,h,sun,88,n,0
1381,82,N,Fernando,hsun,h,sun,70,n,0
1382,82,S,Fernando,hsun,h,sun,55,n,0
1383,82,E,Fernando,hsun,h,sun,72,y,1
1384,82,W,Fernando,hsun,h,sun,69,n,0
1385,83,N,Fernando,hsun,h,sun,155,n,0
1386,83,S,Fernando,hsun,h,sun,105,n,0
1387,83,E,Fernando,hsun,h,sun,133,n,0
1388,83,W,Fernando,hsun,h,sun,71,n,0
1389,84,N,Fernando,hsun,h,sun,51,n,0
1390,84,S,Fernando,hsun,h,sun,136,n,0
1391,84,E,Fernando,hsun,h,sun,65,y,1
1392,84,W,Fernando,hsun,h,sun,123,n,0
1393,85,N,Fernando,hsun,h,sun,132,n,0
1394,85,S,Fernando,hsun,h,sun,125,n,0
1395,85,E,Fernando,hsun,h,sun,118,n,0
1396,85,W,Fernando,hsun,h,sun,127,n,0
1397,86,N,Fernando,hsun,h,sun,64,y,1
1398,86,S,Fernando,hsun,h,sun,113,n,0
1399,86,E,Fernando,hsun,h,sun,118,n,0
1400,86,W,Fernando,hsun,h,sun,152,n,0
1401,87,N,Fernando,hsun,h,sun,131,n,0
1402,87,S,Fernando,hsun,h,sun,84,y,1
1403,87,E,Fernando,hsun,h,sun,112,n,0
1404,87,W,Fernando,hsun,h,sun,93,n,0
1405,88,N,Fernando,hsun,h,sun,,na,NA
1406,88,S,Fernando,hsun,h,sun,,na,NA
1407,88,E,Fernando,hsun,h,sun,,na,NA
1408,88,W,Fernando,hsun,h,sun,,na,NA
1409,89,N,Miguel,hshd,h,shd,29,n,0
1410,89,S,Miguel,hshd,h,shd,74,n,0
1411,89,E,Miguel,hshd,h,shd,69,n,0
1412,89,W,Miguel,hshd,h,shd,89,n,0
1413,90,N,Miguel,hshd,h,shd,5,n,0
1414,90,S,Miguel,hshd,h,shd,39,n,0
1415,90,E,Miguel,hshd,h,shd,67,n,0
1416,90,W,Miguel,hshd,h,shd,36,n,0
1417,91,N,Miguel,hshd,h,shd,113,n,0
1418,91,S,Miguel,hshd,h,shd,67,n,0
1419,91,E,Miguel,hshd,h,shd,105,n,0
1420,91,W,Miguel,hshd,h,shd,111,n,0
1421,92,N,Miguel,hshd,h,shd,120,n,0
1422,92,S,Miguel,hshd,h,shd,173,n,0
1423,92,E,Miguel,hshd,h,shd,75,n,0
1424,92,W,Miguel,hshd,h,shd,173,n,0
1425,93,N,Miguel,hshd,h,shd,38,n,0
1426,93,S,Miguel,hshd,h,shd,34,n,0
1427,93,E,Miguel,hshd,h,shd,53,y,1
1428,93,W,Miguel,hshd,h,shd,53,n,0
1429,94,N,Miguel,hshd,h,shd,33,n,0
1430,94,S,Miguel,hshd,h,shd,42,n,0
1431,94,E,Miguel,hshd,h,shd,28,n,0
1432,94,W,Miguel,hshd,h,shd,77,n,0
1433,95,N,Miguel,hshd,h,shd,18,n,0
1434,95,S,Miguel,hshd,h,shd,14,n,0
1435,95,E,Miguel,hshd,h,shd,24,n,0
1436,95,W,Miguel,hshd,h,shd,12,n,0
1437,96,N,Miguel,hshd,h,shd,129,n,0
1438,96,S,Miguel,hshd,h,shd,108,n,0
1439,96,E,Miguel,hshd,h,shd,76,y,1
1440,96,W,Miguel,hshd,h,shd,48,n,0
1441,97,N,Miguel,hshd,h,shd,259,n,0
1442,97,S,Miguel,hshd,h,shd,30,n,0
1443,97,E,Miguel,hshd,h,shd,129,n,0
1444,97,W,Miguel,hshd,h,shd,87,y,1
1445,98,N,Miguel,hshd,h,shd,76,n,0
1446,98,S,Miguel,hshd,h,shd,64,y,1
1447,98,E,Miguel,hshd,h,shd,116,n,0
1448,98,W,Miguel,hshd,h,shd,59,n,0
1449,99,N,Miguel,hshd,h,shd,71,n,0
1450,99,S,Miguel,hshd,h,shd,53,n,0
1451,99,E,Miguel,hshd,h,shd,133,n,0
1452,99,W,Miguel,hshd,h,shd,81,n,0
1453,100,N,Miguel,hshd,h,shd,79,n,0
1454,100,S,Miguel,hshd,h,shd,81,n,0
1455,100,E,Miguel,hshd,h,shd,47,n,0
1456,100,W,Miguel,hshd,h,shd,58,n,0
1457,101,N,Miguel,hshd,h,shd,105,n,0
1458,101,S,Miguel,hshd,h,shd,78,n,0
1459,101,E,Miguel,hshd,h,shd,102,n,0
1460,101,W,Miguel,hshd,h,shd,68,y,1
1461,102,N,Miguel,hshd,h,shd,74,n,0
1462,102,S,Miguel,hshd,h,shd,116,n,0
1463,102,E,Miguel,hshd,h,shd,36,n,0
1464,102,W,Miguel,hshd,h,shd,80,y,1
1465,103,N,Miguel,hshd,h,shd,42,n,0
1466,103,S,Miguel,hshd,h,shd,75,n,0
1467,103,E,Miguel,hshd,h,shd,67,n,0
1468,103,W,Miguel,hshd,h,shd,58,na,NA
1469,104,N,Miguel,hshd,h,shd,48,n,0
1470,104,S,Miguel,hshd,h,shd,7,n,0
1471,104,E,Miguel,hshd,h,shd,23,n,0
1472,104,W,Miguel,hshd,h,shd,18,n,0
1473,105,N,Miguel,hshd,h,shd,31,n,0
1474,105,S,Miguel,hshd,h,shd,46,n,0
1475,105,E,Miguel,hshd,h,shd,52,y,1
1476,105,W,Miguel,hshd,h,shd,43,n,0
1477,106,N,Miguel,hshd,h,shd,53,n,0
1478,106,S,Miguel,hshd,h,shd,28,n,0
1479,106,E,Miguel,hshd,h,shd,97,n,0
1480,106,W,Miguel,hshd,h,shd,41,n,0
1481,107,N,Miguel,hshd,h,shd,19,n,0
1482,107,S,Miguel,hshd,h,shd,143,n,0
1483,107,E,Miguel,hshd,h,shd,65,y,1
1484,107,W,Miguel,hshd,h,shd,161,n,0
1485,108,N,Miguel,hshd,h,shd,15,n,0
1486,108,S,Miguel,hshd,h,shd,55,n,0
1487,108,E,Miguel,hshd,h,shd,16,n,0
1488,108,W,Miguel,hshd,h,shd,41,n,0
1489,109,N,Miguel,hshd,h,shd,44,n,0
1490,109,S,Miguel,hshd,h,shd,41,n,0
1491,109,E,Miguel,hshd,h,shd,54,n,0
1492,109,W,Miguel,hshd,h,shd,23,n,0
1493,110,N,Miguel,hshd,h,shd,52,n,0
1494,110,S,Miguel,hshd,h,shd,50,n,0
1495,110,E,Miguel,hshd,h,shd,36,n,0
1496,110,W,Miguel,hshd,h,shd,46,n,0
1497,111,N,Miguel,lshd,l,shd,39,y,1
1498,111,S,Miguel,lshd,l,shd,16,n,0
1499,111,E,Miguel,lshd,l,shd,42,n,0
1500,111,W,Miguel,lshd,l,shd,23,n,0
1501,112,N,Miguel,lshd,l,shd,49,n,0
1502,112,S,Miguel,lshd,l,shd,30,n,0
1503,112,E,Miguel,lshd,l,shd,29,n,0
1504,112,W,Miguel,lshd,l,shd,36,n,0
1505,113,N,Miguel,lshd,l,shd,1,n,0
1506,113,S,Miguel,lshd,l,shd,26,n,0
1507,113,E,Miguel,lshd,l,shd,14,n,0
1508,113,W,Miguel,lshd,l,shd,45,n,0
1509,114,N,Miguel,lshd,l,shd,,na,NA
1510,114,S,Miguel,lshd,l,shd,,na,NA
1511,114,E,Miguel,lshd,l,shd,,na,NA
1512,114,W,Miguel,lshd,l,shd,,na,NA
1513,115,N,Miguel,lshd,l,shd,91,n,0
1514,115,S,Miguel,lshd,l,shd,89,n,0
1515,115,E,Miguel,lshd,l,shd,36,n,0
1516,115,W,Miguel,lshd,l,shd,11,n,0
1517,116,N,Miguel,lshd,l,shd,90,y,1
1518,116,S,Miguel,lshd,l,shd,59,n,0
1519,116,E,Miguel,lshd,l,shd,29,n,0
1520,116,W,Miguel,lshd,l,shd,29,n,0
1521,117,N,Miguel,lshd,l,shd,9,y,1
1522,117,S,Miguel,lshd,l,shd,8,n,0
1523,117,E,Miguel,lshd,l,shd,3,n,0
1524,117,W,Miguel,lshd,l,shd,11,n,0
1525,118,N,Miguel,lshd,l,shd,21,n,0
1526,118,S,Miguel,lshd,l,shd,28,n,0
1527,118,E,Miguel,lshd,l,shd,68,n,0
1528,118,W,Miguel,lshd,l,shd,19,n,0
1529,119,N,Miguel,lshd,l,shd,45,n,0
1530,119,S,Miguel,lshd,l,shd,6,n,0
1531,119,E,Miguel,lshd,l,shd,89,n,0
1532,119,W,Miguel,lshd,l,shd,53,n,0
1533,120,N,Miguel,lshd,l,shd,33,y,1
1534,120,S,Miguel,lshd,l,shd,50,n,0
1535,120,E,Miguel,lshd,l,shd,32,n,0
1536,120,W,Miguel,lshd,l,shd,77,n,0
1537,121,N,Miguel,lshd,l,shd,13,n,0
1538,121,S,Miguel,lshd,l,shd,13,n,0
1539,121,E,Miguel,lshd,l,shd,52,n,0
1540,121,W,Miguel,lshd,l,shd,48,n,0
1541,122,N,Miguel,lshd,l,shd,47,n,0
1542,122,S,Miguel,lshd,l,shd,11,n,0
1543,122,E,Miguel,lshd,l,shd,22,y,1
1544,122,W,Miguel,lshd,l,shd,54,n,0
1545,123,N,Miguel,lshd,l,shd,31,n,0
1546,123,S,Miguel,lshd,l,shd,74,n,0
1547,123,E,Miguel,lshd,l,shd,29,n,0
1548,123,W,Miguel,lshd,l,shd,69,n,0
1549,124,N,Miguel,lshd,l,shd,14,y,1
1550,124,S,Miguel,lshd,l,shd,54,n,0
1551,124,E,Miguel,lshd,l,shd,43,y,1
1552,124,W,Miguel,lshd,l,shd,37,n,0
1553,125,N,Miguel,lshd,l,shd,,n,0
1554,125,S,Miguel,lshd,l,shd,29,n,0
1555,125,E,Miguel,lshd,l,shd,72,n,0
1556,125,W,Miguel,lshd,l,shd,48,n,0
1557,126,N,Miguel,lshd,l,shd,50,y,1
1558,126,S,Miguel,lshd,l,shd,28,n,0
1559,126,E,Miguel,lshd,l,shd,29,n,0
1560,126,W,Miguel,lshd,l,shd,83,n,0
1561,127,N,Miguel,lshd,l,shd,68,y,1
1562,127,S,Miguel,lshd,l,shd,39,n,0
1563,127,E,Miguel,lshd,l,shd,75,y,1
1564,127,W,Miguel,lshd,l,shd,48,n,0
1565,128,N,Miguel,lshd,l,shd,22,n,0
1566,128,S,Miguel,lshd,l,shd,24,y,1
1567,128,E,Miguel,lshd,l,shd,9,y,1
1568,128,W,Miguel,lshd,l,shd,35,y,1
1569,129,N,Miguel,lshd,l,shd,40,n,0
1570,129,S,Miguel,lshd,l,shd,75,n,0
1571,129,E,Miguel,lshd,l,shd,38,n,0
1572,129,W,Miguel,lshd,l,shd,24,n,0
1573,130,N,Miguel,lshd,l,shd,27,n,0
1574,130,S,Miguel,lshd,l,shd,80,n,0
1575,130,E,Miguel,lshd,l,shd,79,n,0
1576,130,W,Miguel,lshd,l,shd,39,n,0
1577,131,N,Miguel,lshd,l,shd,79,n,0
1578,131,S,Miguel,lshd,l,shd,59,n,0
1579,131,E,Miguel,lshd,l,shd,26,y,1
1580,131,W,Miguel,lshd,l,shd,81,n,0
1581,132,N,Miguel,lshd,l,shd,46,y,1
1582,132,S,Miguel,lshd,l,shd,4.5,n,0
1583,132,E,Miguel,lshd,l,shd,61,n,0
1584,132,W,Miguel,lshd,l,shd,61,n,0
1585,133,N,Miguel,hsun,h,sun,94,n,0
1586,133,S,Miguel,hsun,h,sun,80,n,0
1587,133,E,Miguel,hsun,h,sun,79,n,0
1588,133,W,Miguel,hsun,h,sun,48,n,0
1589,134,N,Miguel,hsun,h,sun,30,y,1
1590,134,S,Miguel,hsun,h,sun,30,n,0
1591,134,E,Miguel,hsun,h,sun,40,n,0
1592,134,W,Miguel,hsun,h,sun,57,n,0
1593,135,N,Miguel,hsun,h,sun,56,n,0
1594,135,S,Miguel,hsun,h,sun,65,y,1
1595,135,E,Miguel,hsun,h,sun,50,n,0
1596,135,W,Miguel,hsun,h,sun,29,n,0
1597,136,N,Miguel,hsun,h,sun,55,y,1
1598,136,S,Miguel,hsun,h,sun,26,n,0
1599,136,E,Miguel,hsun,h,sun,72,n,0
1600,136,W,Miguel,hsun,h,sun,97,n,0
1601,137,N,Miguel,hsun,h,sun,77,n,0
1602,137,S,Miguel,hsun,h,sun,46,n,0
1603,137,E,Miguel,hsun,h,sun,78,y,1
1604,137,W,Miguel,hsun,h,sun,60,n,0
1605,138,N,Miguel,hsun,h,sun,49,n,0
1606,138,S,Miguel,hsun,h,sun,70,n,0
1607,138,E,Miguel,hsun,h,sun,77,n,0
1608,138,W,Miguel,hsun,h,sun,45,n,0
1609,139,N,Miguel,hsun,h,sun,36,n,0
1610,139,S,Miguel,hsun,h,sun,53,n,0
1611,139,E,Miguel,hsun,h,sun,41,n,0
1612,139,W,Miguel,hsun,h,sun,39,n,0
1613,140,N,Miguel,hsun,h,sun,14,n,0
1614,140,S,Miguel,hsun,h,sun,25,n,0
1615,140,E,Miguel,hsun,h,sun,32,n,0
1616,140,W,Miguel,hsun,h,sun,22,n,0
1617,141,N,Miguel,hsun,h,sun,31,n,0
1618,141,S,Miguel,hsun,h,sun,490,n,0
1619,141,E,Miguel,hsun,h,sun,64,n,0
1620,141,W,Miguel,hsun,h,sun,175,n,0
1621,142,N,Miguel,hsun,h,sun,82,n,0
1622,142,S,Miguel,hsun,h,sun,121,n,0
1623,142,E,Miguel,hsun,h,sun,55,n,0
1624,142,W,Miguel,hsun,h,sun,31,n,0
1625,143,N,Miguel,hsun,h,sun,44,n,0
1626,143,S,Miguel,hsun,h,sun,62,n,0
1627,143,E,Miguel,hsun,h,sun,25,y,1
1628,143,W,Miguel,hsun,h,sun,84,n,0
1629,144,N,Miguel,hsun,h,sun,22,y,1
1630,144,S,Miguel,hsun,h,sun,49,n,0
1631,144,E,Miguel,hsun,h,sun,45,n,0
1632,144,W,Miguel,hsun,h,sun,96,n,0
1633,145,N,Miguel,hsun,h,sun,72,n,0
1634,145,S,Miguel,hsun,h,sun,49,n,0
1635,145,E,Miguel,hsun,h,sun,40,n,0
1636,145,W,Miguel,hsun,h,sun,65,n,0
1637,146,N,Miguel,hsun,h,sun,40,n,0
1638,146,S,Miguel,hsun,h,sun,32,n,0
1639,146,E,Miguel,hsun,h,sun,78,n,0
1640,146,W,Miguel,hsun,h,sun,48,n,0
1641,147,N,Miguel,hsun,h,sun,40,n,0
1642,147,S,Miguel,hsun,h,sun,45,n,0
1643,147,E,Miguel,hsun,h,sun,77,n,0
1644,147,W,Miguel,hsun,h,sun,86,y,1
1645,148,N,Miguel,hsun,h,sun,36,n,0
1646,148,S,Miguel,hsun,h,sun,24,n,0
1647,148,E,Miguel,hsun,h,sun,37,n,0
1648,148,W,Miguel,hsun,h,sun,71,n,0
1649,149,N,Miguel,hsun,h,sun,54,n,0
1650,149,S,Miguel,hsun,h,sun,24,n,0
1651,149,E,Miguel,hsun,h,sun,26,n,0
1652,149,W,Miguel,hsun,h,sun,49,n,0
1653,150,N,Miguel,hsun,h,sun,15,y,1
1654,150,S,Miguel,hsun,h,sun,27,y,1
1655,150,E,Miguel,hsun,h,sun,17,y,1
1656,150,W,Miguel,hsun,h,sun,83,n,0
1657,151,N,Miguel,hsun,h,sun,93,n,0
1658,151,S,Miguel,hsun,h,sun,52,n,0
1659,151,E,Miguel,hsun,h,sun,103,y,1
1660,151,W,Miguel,hsun,h,sun,25,n,0
1661,152,N,Miguel,hsun,h,sun,37,n,0
1662,152,S,Miguel,hsun,h,sun,17,n,0
1663,152,E,Miguel,hsun,h,sun,71,n,0
1664,152,W,Miguel,hsun,h,sun,49,n,0
1665,153,N,Miguel,hsun,h,sun,53,n,0
1666,153,S,Miguel,hsun,h,sun,39,n,0
1667,153,E,Miguel,hsun,h,sun,18,n,0
1668,153,W,Miguel,hsun,h,sun,45,n,0
1669,154,N,Miguel,hsun,h,sun,44,n,0
1670,154,S,Miguel,hsun,h,sun,47,n,0
1671,154,E,Miguel,hsun,h,sun,18,n,0
1672,154,W,Miguel,hsun,h,sun,79,y,1
1673,155,N,Miguel,lsun,l,sun,97,n,0
1674,155,S,Miguel,lsun,l,sun,21,n,0
1675,155,E,Miguel,lsun,l,sun,47,n,0
1676,155,W,Miguel,lsun,l,sun,53,n,0
1677,156,N,Miguel,lsun,l,sun,34,n,0
1678,156,S,Miguel,lsun,l,sun,41,n,0
1679,156,E,Miguel,lsun,l,sun,9,y,1
1680,156,W,Miguel,lsun,l,sun,19,n,0
1681,157,N,Miguel,lsun,l,sun,44,n,0
1682,157,S,Miguel,lsun,l,sun,132,n,0
1683,157,E,Miguel,lsun,l,sun,132,n,0
1684,157,W,Miguel,lsun,l,sun,91,y,1
1685,158,N,Miguel,lsun,l,sun,23,n,0
1686,158,S,Miguel,lsun,l,sun,62,n,0
1687,158,E,Miguel,lsun,l,sun,33,n,0
1688,158,W,Miguel,lsun,l,sun,39,n,0
1689,159,N,Miguel,lsun,l,sun,23,n,0
1690,159,S,Miguel,lsun,l,sun,22,n,0
1691,159,E,Miguel,lsun,l,sun,42,y,1
1692,159,W,Miguel,lsun,l,sun,16,n,0
1693,160,N,Miguel,lsun,l,sun,7,y,1
1694,160,S,Miguel,lsun,l,sun,52,n,0
1695,160,E,Miguel,lsun,l,sun,62,n,0
1696,160,W,Miguel,lsun,l,sun,29,n,0
1697,161,N,Miguel,lsun,l,sun,31,n,0
1698,161,S,Miguel,lsun,l,sun,48,n,0
1699,161,E,Miguel,lsun,l,sun,22,n,0
1700,161,W,Miguel,lsun,l,sun,25,n,0
1701,162,N,Miguel,lsun,l,sun,24,n,0
1702,162,S,Miguel,lsun,l,sun,47,y,1
1703,162,E,Miguel,lsun,l,sun,24,n,0
1704,162,W,Miguel,lsun,l,sun,24,n,0
1705,163,N,Miguel,lsun,l,sun,7,n,0
1706,163,S,Miguel,lsun,l,sun,3,n,0
1707,163,E,Miguel,lsun,l,sun,8,n,0
1708,163,W,Miguel,lsun,l,sun,5,n,0
1709,164,N,Miguel,lsun,l,sun,43,y,1
1710,164,S,Miguel,lsun,l,sun,12,n,0
1711,164,E,Miguel,lsun,l,sun,11,n,0
1712,164,W,Miguel,lsun,l,sun,38,n,0
1713,165,N,Miguel,lsun,l,sun,22,n,0
1714,165,S,Miguel,lsun,l,sun,13,n,0
1715,165,E,Miguel,lsun,l,sun,11,y,1
1716,165,W,Miguel,lsun,l,sun,22,y,1
1717,166,N,Miguel,lsun,l,sun,16,na,NA
1718,166,S,Miguel,lsun,l,sun,29,n,0
1719,166,E,Miguel,lsun,l,sun,29,n,0
1720,166,W,Miguel,lsun,l,sun,8,n,0
1721,167,N,Miguel,lsun,l,sun,32,y,1
1722,167,S,Miguel,lsun,l,sun,7,n,0
1723,167,E,Miguel,lsun,l,sun,14,n,0
1724,167,W,Miguel,lsun,l,sun,3,n,0
1725,168,N,Miguel,lsun,l,sun,36,y,1
1726,168,S,Miguel,lsun,l,sun,82,n,0
1727,168,E,Miguel,lsun,l,sun,58,n,0
1728,168,W,Miguel,lsun,l,sun,33,n,0
1729,169,N,Miguel,lsun,l,sun,46,n,0
1730,169,S,Miguel,lsun,l,sun,32,n,0
1731,169,E,Miguel,lsun,l,sun,39,y,1
1732,169,W,Miguel,lsun,l,sun,17,y,1
1733,170,N,Miguel,lsun,l,sun,1,n,0
1734,170,S,Miguel,lsun,l,sun,1,n,0
1735,170,E,Miguel,lsun,l,sun,3,y,1
1736,170,W,Miguel,lsun,l,sun,10,n,0
1737,171,N,Miguel,lsun,l,sun,99,n,0
1738,171,S,Miguel,lsun,l,sun,58,y,1
1739,171,E,Miguel,lsun,l,sun,12,n,0
1740,171,W,Miguel,lsun,l,sun,38,y,1
1741,172,N,Miguel,lsun,l,sun,25,n,0
1742,172,S,Miguel,lsun,l,sun,82,n,0
1743,172,E,Miguel,lsun,l,sun,5,n,0
1744,172,W,Miguel,lsun,l,sun,35,n,0
1745,173,N,Miguel,lsun,l,sun,24,n,0
1746,173,S,Miguel,lsun,l,sun,39,n,0
1747,173,E,Miguel,lsun,l,sun,62,n,0
1748,173,W,Miguel,lsun,l,sun,53,n,0
1749,174,N,Miguel,lsun,l,sun,46,n,0
1750,174,S,Miguel,lsun,l,sun,19,n,0
1751,174,E,Miguel,lsun,l,sun,63,n,0
1752,174,W,Miguel,lsun,l,sun,35,n,0
1753,175,N,Miguel,lsun,l,sun,105,y,1
1754,175,S,Miguel,lsun,l,sun,51,n,0
1755,175,E,Miguel,lsun,l,sun,68,n,0
1756,175,W,Miguel,lsun,l,sun,69,n,0
1757,176,N,Miguel,lsun,l,sun,17,n,0
1758,176,S,Miguel,lsun,l,sun,43,n,0
1759,176,E,Miguel,lsun,l,sun,42,y,1
1760,176,W,Miguel,lsun,l,sun,77,n,0
1761,177,N,Oscar,hshd,h,shd,100,n,0
1762,177,S,Oscar,hshd,h,shd,73,n,0
1763,177,E,Oscar,hshd,h,shd,43,n,0
1764,177,W,Oscar,hshd,h,shd,41,n,0
1765,178,N,Oscar,hshd,h,shd,27,n,0
1766,178,S,Oscar,hshd,h,shd,74,n,0
1767,178,E,Oscar,hshd,h,shd,79,n,0
1768,178,W,Oscar,hshd,h,shd,43,n,0
1769,179,N,Oscar,hshd,h,shd,,na,NA
1770,179,S,Oscar,hshd,h,shd,,na,NA
1771,179,E,Oscar,hshd,h,shd,,na,NA
1772,179,W,Oscar,hshd,h,shd,,na,NA
1773,180,N,Oscar,hshd,h,shd,73,n,0
1774,180,S,Oscar,hshd,h,shd,25,n,0
1775,180,E,Oscar,hshd,h,shd,77,n,0
1776,180,W,Oscar,hshd,h,shd,15,y,1
1777,181,N,Oscar,hshd,h,shd,28,n,0
1778,181,S,Oscar,hshd,h,shd,54,n,0
1779,181,E,Oscar,hshd,h,shd,100,n,0
1780,181,W,Oscar,hshd,h,shd,104,n,0
1781,182,N,Oscar,hshd,h,shd,,na,NA
1782,182,S,Oscar,hshd,h,shd,,na,NA
1783,182,E,Oscar,hshd,h,shd,,na,NA
1784,182,W,Oscar,hshd,h,shd,,na,NA
1785,183,N,Oscar,hshd,h,shd,126,y,1
1786,183,S,Oscar,hshd,h,shd,138,n,0
1787,183,E,Oscar,hshd,h,shd,128,n,0
1788,183,W,Oscar,hshd,h,shd,157,n,0
1789,184,N,Oscar,hshd,h,shd,65,n,0
1790,184,S,Oscar,hshd,h,shd,142,n,0
1791,184,E,Oscar,hshd,h,shd,21,n,0
1792,184,W,Oscar,hshd,h,shd,119,y,1
1793,185,N,Oscar,hshd,h,shd,131,n,0
1794,185,S,Oscar,hshd,h,shd,31,n,0
1795,185,E,Oscar,hshd,h,shd,124,n,0
1796,185,W,Oscar,hshd,h,shd,86,n,0
1797,186,N,Oscar,hshd,h,shd,160,n,0
1798,186,S,Oscar,hshd,h,shd,67,n,0
1799,186,E,Oscar,hshd,h,shd,120,n,0
1800,186,W,Oscar,hshd,h,shd,85,n,0
1801,187,N,Oscar,hshd,h,shd,72,n,0
1802,187,S,Oscar,hshd,h,shd,22,n,0
1803,187,E,Oscar,hshd,h,shd,29,n,0
1804,187,W,Oscar,hshd,h,shd,15,n,0
1805,188,N,Oscar,hshd,h,shd,,na,NA
1806,188,S,Oscar,hshd,h,shd,,na,NA
1807,188,E,Oscar,hshd,h,shd,,na,NA
1808,188,W,Oscar,hshd,h,shd,,na,NA
1809,189,N,Oscar,hshd,h,shd,47,n,0
1810,189,S,Oscar,hshd,h,shd,84,n,0
1811,189,E,Oscar,hshd,h,shd,81,n,0
1812,189,W,Oscar,hshd,h,shd,68,n,0
1813,190,N,Oscar,hshd,h,shd,80,y,1
1814,190,S,Oscar,hshd,h,shd,66,y,1
1815,190,E,Oscar,hshd,h,shd,103,n,0
1816,190,W,Oscar,hshd,h,shd,97,n,0
1817,191,N,Oscar,hshd,h,shd,128,n,0
1818,191,S,Oscar,hshd,h,shd,133,n,0
1819,191,E,Oscar,hshd,h,shd,86,y,1
1820,191,W,Oscar,hshd,h,shd,160,n,0
1821,192,N,Oscar,hshd,h,shd,106,y,1
1822,192,S,Oscar,hshd,h,shd,80,n,0
1823,192,E,Oscar,hshd,h,shd,95,y,1
1824,192,W,Oscar,hshd,h,shd,125,n,0
1825,193,N,Oscar,hshd,h,shd,50,n,0
1826,193,S,Oscar,hshd,h,shd,49,n,0
1827,193,E,Oscar,hshd,h,shd,62,na,NA
1828,193,W,Oscar,hshd,h,shd,51,n,0
1829,194,N,Oscar,hshd,h,shd,101,n,0
1830,194,S,Oscar,hshd,h,shd,123,y,1
1831,194,E,Oscar,hshd,h,shd,80,n,0
1832,194,W,Oscar,hshd,h,shd,98,y,1
1833,195,N,Oscar,hshd,h,shd,83,n,0
1834,195,S,Oscar,hshd,h,shd,140,y,1
1835,195,E,Oscar,hshd,h,shd,102,n,0
1836,195,W,Oscar,hshd,h,shd,107,n,0
1837,196,N,Oscar,hshd,h,shd,78,n,0
1838,196,S,Oscar,hshd,h,shd,74,n,0
1839,196,E,Oscar,hshd,h,shd,72,n,0
1840,196,W,Oscar,hshd,h,shd,96,n,0
1841,197,N,Oscar,hshd,h,shd,42,y,1
1842,197,S,Oscar,hshd,h,shd,19,n,0
1843,197,E,Oscar,hshd,h,shd,78,n,0
1844,197,W,Oscar,hshd,h,shd,34,n,0
1845,198,N,Oscar,hshd,h,shd,27,n,0
1846,198,S,Oscar,hshd,h,shd,112,n,0
1847,198,E,Oscar,hshd,h,shd,85,n,0
1848,198,W,Oscar,hshd,h,shd,87,n,0
1849,199,N,Oscar,lshd,l,shd,55,n,0
1850,199,S,Oscar,lshd,l,shd,62,n,0
1851,199,E,Oscar,lshd,l,shd,37,y,1
1852,199,W,Oscar,lshd,l,shd,33,n,0
1853,200,N,Oscar,lshd,l,shd,89,n,0
1854,200,S,Oscar,lshd,l,shd,52,n,0
1855,200,E,Oscar,lshd,l,shd,88,n,0
1856,200,W,Oscar,lshd,l,shd,64,n,0
1857,201,N,Oscar,lshd,l,shd,8,y,1
1858,201,S,Oscar,lshd,l,shd,113,n,0
1859,201,E,Oscar,lshd,l,shd,76,n,0
1860,201,W,Oscar,lshd,l,shd,72,n,0
1861,202,N,Oscar,lshd,l,shd,50,n,0
1862,202,S,Oscar,lshd,l,shd,95,n,0
1863,202,E,Oscar,lshd,l,shd,100,y,1
1864,202,W,Oscar,lshd,l,shd,66,y,1
1865,203,N,Oscar,lshd,l,shd,47,n,0
1866,203,S,Oscar,lshd,l,shd,28,n,0
1867,203,E,Oscar,lshd,l,shd,70,n,0
1868,203,W,Oscar,lshd,l,shd,79,n,0
1869,204,N,Oscar,lshd,l,shd,80,n,0
1870,204,S,Oscar,lshd,l,shd,56,y,1
1871,204,E,Oscar,lshd,l,shd,33,y,1
1872,204,W,Oscar,lshd,l,shd,77,n,0
1873,205,N,Oscar,lshd,l,shd,,na,NA
1874,205,S,Oscar,lshd,l,shd,,na,NA
1875,205,E,Oscar,lshd,l,shd,,na,NA
1876,205,W,Oscar,lshd,l,shd,,na,NA
1877,206,N,Oscar,lshd,l,shd,112,n,0
1878,206,S,Oscar,lshd,l,shd,52,y,1
1879,206,E,Oscar,lshd,l,shd,43,n,0
1880,206,W,Oscar,lshd,l,shd,18,y,1
1881,207,N,Oscar,lshd,l,shd,,na,NA
1882,207,S,Oscar,lshd,l,shd,,na,NA
1883,207,E,Oscar,lshd,l,shd,,na,NA
1884,207,W,Oscar,lshd,l,shd,,na,NA
1885,208,N,Oscar,lshd,l,shd,,na,NA
1886,208,S,Oscar,lshd,l,shd,,na,NA
1887,208,E,Oscar,lshd,l,shd,,na,NA
1888,208,W,Oscar,lshd,l,shd,,na,NA
1889,209,N,Oscar,lshd,l,shd,18,n,0
1890,209,S,Oscar,lshd,l,shd,51,y,1
1891,209,E,Oscar,lshd,l,shd,50,n,0
1892,209,W,Oscar,lshd,l,shd,13,n,0
1893,210,N,Oscar,lshd,l,shd,71,n,0
1894,210,S,Oscar,lshd,l,shd,82,n,0
1895,210,E,Oscar,lshd,l,shd,34,y,1
1896,210,W,Oscar,lshd,l,shd,70,n,0
1897,211,N,Oscar,lshd,l,shd,98,n,0
1898,211,S,Oscar,lshd,l,shd,86,n,0
1899,211,E,Oscar,lshd,l,shd,106,n,0
1900,211,W,Oscar,lshd,l,shd,43,y,1
1901,212,N,Oscar,lshd,l,shd,9,n,0
1902,212,S,Oscar,lshd,l,shd,94,n,0
1903,212,E,Oscar,lshd,l,shd,50,n,0
1904,212,W,Oscar,lshd,l,shd,22,n,0
1905,213,N,Oscar,lshd,l,shd,59,n,0
1906,213,S,Oscar,lshd,l,shd,89,n,0
1907,213,E,Oscar,lshd,l,shd,59,n,0
1908,213,W,Oscar,lshd,l,shd,16,n,0
1909,214,N,Oscar,lshd,l,shd,21,y,1
1910,214,S,Oscar,lshd,l,shd,90,n,0
1911,214,E,Oscar,lshd,l,shd,100,n,0
1912,214,W,Oscar,lshd,l,shd,44,n,0
1913,215,N,Oscar,lshd,l,shd,14,n,0
1914,215,S,Oscar,lshd,l,shd,30,n,0
1915,215,E,Oscar,lshd,l,shd,22,n,0
1916,215,W,Oscar,lshd,l,shd,19,n,0
1917,216,N,Oscar,lshd,l,shd,18,y,1
1918,216,S,Oscar,lshd,l,shd,46,n,0
1919,216,E,Oscar,lshd,l,shd,34,n,0
1920,216,W,Oscar,lshd,l,shd,34,y,1
1921,217,N,Oscar,lshd,l,shd,29,n,0
1922,217,S,Oscar,lshd,l,shd,28,n,0
1923,217,E,Oscar,lshd,l,shd,4,n,0
1924,217,W,Oscar,lshd,l,shd,36,n,0
1925,218,N,Oscar,lshd,l,shd,93,y,1
1926,218,S,Oscar,lshd,l,shd,54,n,0
1927,218,E,Oscar,lshd,l,shd,66,n,0
1928,218,W,Oscar,lshd,l,shd,103,n,0
1929,219,N,Oscar,lshd,l,shd,72,n,0
1930,219,S,Oscar,lshd,l,shd,62,n,0
1931,219,E,Oscar,lshd,l,shd,58,n,0
1932,219,W,Oscar,lshd,l,shd,32,n,0
1933,220,N,Oscar,lshd,l,shd,80,n,0
1934,220,S,Oscar,lshd,l,shd,94,y,1
1935,220,E,Oscar,lshd,l,shd,50,n,0
1936,220,W,Oscar,lshd,l,shd,88,n,0
1937,221,N,Oscar,hsun,h,sun,98,y,1
1938,221,S,Oscar,hsun,h,sun,107,y,1
1939,221,E,Oscar,hsun,h,sun,145,y,1
1940,221,W,Oscar,hsun,h,sun,111,y,1
1941,222,N,Oscar,hsun,h,sun,68,n,0
1942,222,S,Oscar,hsun,h,sun,127,y,1
1943,222,E,Oscar,hsun,h,sun,120,n,0
1944,222,W,Oscar,hsun,h,sun,90,n,0
1945,223,N,Oscar,hsun,h,sun,119,n,0
1946,223,S,Oscar,hsun,h,sun,197,n,0
1947,223,E,Oscar,hsun,h,sun,181,n,0
1948,223,W,Oscar,hsun,h,sun,172,n,0
1949,224,N,Oscar,hsun,h,sun,98,n,0
1950,224,S,Oscar,hsun,h,sun,140,n,0
1951,224,E,Oscar,hsun,h,sun,128,n,0
1952,224,W,Oscar,hsun,h,sun,127,n,0
1953,225,N,Oscar,hsun,h,sun,41,n,0
1954,225,S,Oscar,hsun,h,sun,13,n,0
1955,225,E,Oscar,hsun,h,sun,14,n,0
1956,225,W,Oscar,hsun,h,sun,15,n,0
1957,226,N,Oscar,hsun,h,sun,19,n,0
1958,226,S,Oscar,hsun,h,sun,44,n,0
1959,226,E,Oscar,hsun,h,sun,49,n,0
1960,226,W,Oscar,hsun,h,sun,21,n,0
1961,227,N,Oscar,hsun,h,sun,,na,NA
1962,227,S,Oscar,hsun,h,sun,,na,NA
1963,227,E,Oscar,hsun,h,sun,,na,NA
1964,227,W,Oscar,hsun,h,sun,,na,NA
1965,228,N,Oscar,hsun,h,sun,77,y,1
1966,228,S,Oscar,hsun,h,sun,56,n,0
1967,228,E,Oscar,hsun,h,sun,15,n,0
1968,228,W,Oscar,hsun,h,sun,24,n,0
1969,229,N,Oscar,hsun,h,sun,35,n,0
1970,229,S,Oscar,hsun,h,sun,77,n,0
1971,229,E,Oscar,hsun,h,sun,116,n,0
1972,229,W,Oscar,hsun,h,sun,76,n,0
1973,230,N,Oscar,hsun,h,sun,104,n,0
1974,230,S,Oscar,hsun,h,sun,85,n,0
1975,230,E,Oscar,hsun,h,sun,117,n,0
1976,230,W,Oscar,hsun,h,sun,127,n,0
1977,231,N,Oscar,hsun,h,sun,55,y,1
1978,231,S,Oscar,hsun,h,sun,182,y,1
1979,231,E,Oscar,hsun,h,sun,129,n,0
1980,231,W,Oscar,hsun,h,sun,40,y,1
1981,232,N,Oscar,hsun,h,sun,,na,NA
1982,232,S,Oscar,hsun,h,sun,,na,NA
1983,232,E,Oscar,hsun,h,sun,,na,NA
1984,232,W,Oscar,hsun,h,sun,,na,NA
1985,233,N,Oscar,hsun,h,sun,,na,NA
1986,233,S,Oscar,hsun,h,sun,,na,NA
1987,233,E,Oscar,hsun,h,sun,,na,NA
1988,233,W,Oscar,hsun,h,sun,,na,NA
1989,234,N,Oscar,hsun,h,sun,55,y,1
1990,234,S,Oscar,hsun,h,sun,2.9,n,0
1991,234,E,Oscar,hsun,h,sun,5,n,0
1992,234,W,Oscar,hsun,h,sun,25,y,1
1993,235,N,Oscar,hsun,h,sun,20,n,0
1994,235,S,Oscar,hsun,h,sun,29,n,0
1995,235,E,Oscar,hsun,h,sun,27,n,0
1996,235,W,Oscar,hsun,h,sun,12,n,0
1997,236,N,Oscar,hsun,h,sun,95,y,1
1998,236,S,Oscar,hsun,h,sun,113,y,1
1999,236,E,Oscar,hsun,h,sun,119,y,1
2000,236,W,Oscar,hsun,h,sun,93,n,0
2001,237,N,Oscar,hsun,h,sun,43,n,0
2002,237,S,Oscar,hsun,h,sun,17,n,0
2003,237,E,Oscar,hsun,h,sun,25,n,0
2004,237,W,Oscar,hsun,h,sun,41,n,0
2005,238,N,Oscar,hsun,h,sun,138,y,1
2006,238,S,Oscar,hsun,h,sun,114,y,1
2007,238,E,Oscar,hsun,h,sun,151,y,1
2008,238,W,Oscar,hsun,h,sun,100,y,1
2009,239,N,Oscar,hsun,h,sun,14,n,0
2010,239,S,Oscar,hsun,h,sun,23,n,0
2011,239,E,Oscar,hsun,h,sun,18,n,0
2012,239,W,Oscar,hsun,h,sun,11,n,0
2013,240,N,Oscar,hsun,h,sun,,na,NA
2014,240,S,Oscar,hsun,h,sun,,na,NA
2015,240,E,Oscar,hsun,h,sun,,na,NA
2016,240,W,Oscar,hsun,h,sun,,na,NA
2017,241,N,Oscar,hsun,h,sun,,na,NA
2018,241,S,Oscar,hsun,h,sun,,na,NA
2019,241,E,Oscar,hsun,h,sun,,na,NA
2020,241,W,Oscar,hsun,h,sun,,na,NA
2021,242,N,Oscar,hsun,h,sun,61,n,0
2022,242,S,Oscar,hsun,h,sun,76,y,1
2023,242,E,Oscar,hsun,h,sun,72,n,0
2024,242,W,Oscar,hsun,h,sun,160,n,0
2025,243,N,Oscar,lsun,l,sun,84,y,1
2026,243,S,Oscar,lsun,l,sun,139,y,1
2027,243,E,Oscar,lsun,l,sun,158,n,0
2028,243,W,Oscar,lsun,l,sun,124,n,0
2029,244,N,Oscar,lsun,l,sun,27,n,0
2030,244,S,Oscar,lsun,l,sun,105,n,0
2031,244,E,Oscar,lsun,l,sun,80,y,1
2032,244,W,Oscar,lsun,l,sun,24,n,0
2033,245,N,Oscar,lsun,l,sun,125,n,0
2034,245,S,Oscar,lsun,l,sun,146,n,0
2035,245,E,Oscar,lsun,l,sun,129,n,0
2036,245,W,Oscar,lsun,l,sun,121,n,0
2037,246,N,Oscar,lsun,l,sun,48,n,0
2038,246,S,Oscar,lsun,l,sun,21,n,0
2039,246,E,Oscar,lsun,l,sun,17,n,0
2040,246,W,Oscar,lsun,l,sun,65,y,1
2041,247,N,Oscar,lsun,l,sun,100,n,0
2042,247,S,Oscar,lsun,l,sun,134,y,1
2043,247,E,Oscar,lsun,l,sun,66,n,0
2044,247,W,Oscar,lsun,l,sun,67,y,1
2045,248,N,Oscar,lsun,l,sun,0,y,1
2046,248,S,Oscar,lsun,l,sun,3,n,0
2047,248,E,Oscar,lsun,l,sun,8,n,0
2048,248,W,Oscar,lsun,l,sun,,y,1
2049,249,N,Oscar,lsun,l,sun,64,n,0
2050,249,S,Oscar,lsun,l,sun,50,n,0
2051,249,E,Oscar,lsun,l,sun,50,n,0
2052,249,W,Oscar,lsun,l,sun,98,n,0
2053,250,N,Oscar,lsun,l,sun,166,n,0
2054,250,S,Oscar,lsun,l,sun,108,y,1
2055,250,E,Oscar,lsun,l,sun,64,n,0
2056,250,W,Oscar,lsun,l,sun,61,n,0
2057,251,N,Oscar,lsun,l,sun,,na,NA
2058,251,S,Oscar,lsun,l,sun,,na,NA
2059,251,E,Oscar,lsun,l,sun,,na,NA
2060,251,W,Oscar,lsun,l,sun,,na,NA
2061,252,N,Oscar,lsun,l,sun,,na,NA
2062,252,S,Oscar,lsun,l,sun,,na,NA
2063,252,E,Oscar,lsun,l,sun,,na,NA
2064,252,W,Oscar,lsun,l,sun,,na,NA
2065,253,N,Oscar,lsun,l,sun,25,y,1
2066,253,S,Oscar,lsun,l,sun,65,n,0
2067,253,E,Oscar,lsun,l,sun,77,y,1
2068,253,W,Oscar,lsun,l,sun,78,n,0
2069,254,N,Oscar,lsun,l,sun,,na,NA
2070,254,S,Oscar,lsun,l,sun,,na,NA
2071,254,E,Oscar,lsun,l,sun,,na,NA
2072,254,W,Oscar,lsun,l,sun,,na,NA
2073,255,N,Oscar,lsun,l,sun,65,n,0
2074,255,S,Oscar,lsun,l,sun,32,n,0
2075,255,E,Oscar,lsun,l,sun,32,y,1
2076,255,W,Oscar,lsun,l,sun,55,y,1
2077,256,N,Oscar,lsun,l,sun,84,n,0
2078,256,S,Oscar,lsun,l,sun,66,y,1
2079,256,E,Oscar,lsun,l,sun,43,n,0
2080,256,W,Oscar,lsun,l,sun,51,y,1
2081,257,N,Oscar,lsun,l,sun,,na,NA
2082,257,S,Oscar,lsun,l,sun,,na,NA
2083,257,E,Oscar,lsun,l,sun,,na,NA
2084,257,W,Oscar,lsun,l,sun,,na,NA
2085,258,N,Oscar,lsun,l,sun,,na,NA
2086,258,S,Oscar,lsun,l,sun,,na,NA
2087,258,E,Oscar,lsun,l,sun,,na,NA
2088,258,W,Oscar,lsun,l,sun,,na,NA
2089,259,N,Oscar,lsun,l,sun,15,n,0
2090,259,S,Oscar,lsun,l,sun,8,n,0
2091,259,E,Oscar,lsun,l,sun,13,n,0
2092,259,W,Oscar,lsun,l,sun,78,n,0
2093,260,N,Oscar,lsun,l,sun,83,n,0
2094,260,S,Oscar,lsun,l,sun,134,y,1
2095,260,E,Oscar,lsun,l,sun,98,y,1
2096,260,W,Oscar,lsun,l,sun,49,y,1
2097,261,N,Oscar,lsun,l,sun,64,y,1
2098,261,S,Oscar,lsun,l,sun,110,n,0
2099,261,E,Oscar,lsun,l,sun,61,n,0
2100,261,W,Oscar,lsun,l,sun,142,y,1
2101,262,N,Oscar,lsun,l,sun,100,n,0
2102,262,S,Oscar,lsun,l,sun,146,y,1
2103,262,E,Oscar,lsun,l,sun,210,y,1
2104,262,W,Oscar,lsun,l,sun,143,y,1
2105,263,N,Oscar,lsun,l,sun,97,n,0
2106,263,S,Oscar,lsun,l,sun,48,y,1
2107,263,E,Oscar,lsun,l,sun,61,n,0
2108,263,W,Oscar,lsun,l,sun,53,n,0
2109,264,N,Oscar,lsun,l,sun,96,y,1
2110,264,S,Oscar,lsun,l,sun,52,y,1
2111,264,E,Oscar,lsun,l,sun,62,n,0
2112,264,W,Oscar,lsun,l,sun,25,n,0